City_ID,City,Country,Lat,Lng,Max Temp,Humidity,Cloudiness,Wind Speed,Current Description
0,Mataura,NZ,-46.1927,168.8643,52.48,99,100,2.84,light rain
1,Arraial Do Cabo,BR,-22.9661,-42.0278,75.38,91,100,9.24,overcast clouds
2,Busselton,AU,-33.65,115.3333,98.04,33,57,15.95,broken clouds
3,Ushuaia,AR,-54.8,-68.3,42.46,70,75,23.02,broken clouds
4,Hithadhoo,MV,-0.6,73.0833,81.64,74,100,10.09,overcast clouds
5,Georgetown,MY,5.4112,100.3354,87.73,79,20,3.0,few clouds
6,Pevek,RU,69.7008,170.3133,-19.21,100,25,3.58,scattered clouds
7,Qaanaaq,GL,77.484,-69.3632,-13.45,56,99,8.46,overcast clouds
8,Kavieng,PG,-2.5744,150.7967,83.52,71,82,5.46,broken clouds
9,Nemuro,JP,43.3236,145.575,25.23,60,23,14.58,few clouds
10,Camana,PE,-16.6228,-72.7111,71.15,82,85,6.91,overcast clouds
11,Teguise,ES,29.0605,-13.564,64.62,73,0,4.61,clear sky
12,Rikitea,PF,-23.1203,-134.9692,78.08,74,100,18.41,overcast clouds
13,Coria,ES,39.9879,-6.5377,43.45,80,100,0.54,overcast clouds
14,Atuona,PF,-9.8,-139.0333,79.0,72,4,17.02,clear sky
15,Norman Wells,CA,65.282,-126.8329,-39.96,67,20,0.0,few clouds
16,Terbuny,RU,52.1389,38.2789,22.68,97,100,6.24,snow
17,Port Hardy,CA,50.6996,-127.4199,45.75,87,75,11.5,broken clouds
18,Vila Franca Do Campo,PT,37.7167,-25.4333,60.19,82,100,11.43,overcast clouds
19,Salto Del Guaira,PY,-24.0625,-54.3069,77.09,87,100,7.4,light rain
20,Bubaque,GW,11.2833,-15.8333,77.11,71,0,7.07,clear sky
21,Hermanus,ZA,-34.4187,19.2345,60.91,72,100,9.33,overcast clouds
22,Vao,NC,-22.6667,167.4833,75.15,92,100,5.59,overcast clouds
23,Longyearbyen,SJ,78.2186,15.6401,15.64,73,75,9.22,broken clouds
24,Butaritari,KI,3.0707,172.7902,81.9,76,17,14.52,light rain
25,Wittingen,DE,52.7269,10.7361,43.68,100,100,10.58,light rain
26,Cabras,IT,39.93,8.5314,46.63,81,5,6.69,clear sky
27,Jardim,BR,-21.4803,-56.1381,72.9,98,100,3.76,light rain
28,Olafsvik,IS,64.8945,-23.7142,27.7,74,96,28.03,overcast clouds
29,Upernavik,GL,72.7868,-56.1549,4.57,67,100,6.62,overcast clouds
30,Tual,ID,-5.6667,132.75,83.71,72,84,14.52,broken clouds
31,Punta Arenas,CL,-53.15,-70.9167,44.71,57,75,8.05,broken clouds
32,Yulara,AU,-25.2406,130.9889,78.64,27,84,19.57,broken clouds
33,Puerto Ayora,EC,-0.7393,-90.3518,75.54,93,7,1.99,clear sky
34,Maceio,BR,-9.6658,-35.7353,78.24,83,20,3.44,few clouds
35,Soubre,CI,5.7856,-6.6083,70.88,98,70,1.97,broken clouds
36,Bredasdorp,ZA,-34.5322,20.0403,60.12,72,100,3.44,overcast clouds
37,Severo-Kurilsk,RU,50.6789,156.125,31.12,90,100,10.83,light snow
38,Bluff,NZ,-46.6,168.3333,52.81,84,100,3.29,moderate rain
39,Rio Grande,BR,-32.035,-52.0986,70.95,86,100,10.0,light rain
40,Ribeira Grande,PT,38.5167,-28.7,58.6,75,100,17.43,overcast clouds
41,Kapaa,US,22.0752,-159.319,78.78,67,0,1.01,clear sky
42,Albany,US,42.6001,-73.9662,38.48,91,100,3.0,snow
43,Chadan,RU,51.2833,91.5833,-18.4,96,27,0.81,scattered clouds
44,Cockburn Town,TC,21.4612,-71.1419,75.78,70,1,19.84,clear sky
45,Katherine,AU,-14.4667,132.2667,86.32,66,96,5.75,overcast clouds
46,Whitehorse,CA,60.7161,-135.0538,-6.83,77,100,4.61,light snow
47,Port Alfred,ZA,-33.5906,26.891,69.89,74,97,15.95,overcast clouds
48,Nikolskoye,RU,59.7035,30.7861,1.29,100,100,2.77,overcast clouds
49,Bathsheba,BB,13.2167,-59.5167,77.61,69,20,12.66,few clouds
50,Lorengau,PG,-2.0226,147.2712,84.7,63,100,9.17,overcast clouds
51,Rudnichnyy,RU,59.617,52.4703,-3.68,100,100,1.9,overcast clouds
52,Tsaratanana,MG,-16.7833,47.65,72.66,90,100,0.72,overcast clouds
53,Biak,ID,-0.9131,122.8766,84.31,61,100,1.52,overcast clouds
54,Ken Caryl,US,39.5773,-105.1169,15.62,76,11,1.01,few clouds
55,Terney,RU,45.0503,136.6092,13.24,55,4,10.38,clear sky
56,Husavik,IS,66.0449,-17.3389,22.91,90,100,13.65,snow
57,Kaitangata,NZ,-46.2817,169.8464,49.05,96,100,2.73,moderate rain
58,Bitlis,TR,38.5,42.25,25.18,98,100,3.06,light snow
59,Vaini,TO,-21.2,-175.2,86.16,79,75,10.36,broken clouds
60,Maragogi,BR,-9.0122,-35.2225,78.49,75,98,8.63,overcast clouds
61,Castro,BR,-24.7911,-50.0119,64.47,98,100,5.01,overcast clouds
62,Berlevag,NO,70.8578,29.0864,20.98,81,98,13.56,overcast clouds
63,Guiyang,CN,26.5833,106.7167,34.29,80,100,6.71,overcast clouds
64,Saint George,US,37.1041,-113.5841,41.59,32,0,1.01,clear sky
65,Taoudenni,ML,22.6783,-3.9836,61.5,20,36,10.07,scattered clouds
66,Tasiilaq,GL,65.6145,-37.6368,14.16,60,85,6.13,overcast clouds
67,Avarua,CK,-21.2078,-159.775,84.25,74,20,17.27,few clouds
68,Upata,VE,8.0086,-62.3989,74.19,86,42,5.28,scattered clouds
69,Carnarvon,AU,-24.8667,113.6333,100.47,19,21,11.5,few clouds
70,New Norfolk,AU,-42.7826,147.0587,70.66,34,3,4.0,clear sky
71,Cookeville,US,36.1628,-85.5016,47.79,96,100,1.01,mist
72,Ponta Do Sol,PT,32.6667,-17.1,66.0,70,25,4.09,scattered clouds
73,Huilong,CN,31.8111,121.655,43.99,50,6,8.9,clear sky
74,Hobart,AU,-42.8794,147.3294,71.02,46,11,1.99,few clouds
75,Poum,NC,-20.2333,164.0167,82.42,85,89,14.05,light rain
76,Barrow,US,71.2906,-156.7887,-27.38,83,100,4.61,mist
77,Richards Bay,ZA,-28.783,32.0377,75.7,95,94,8.9,moderate rain
78,Fortuna,US,40.5982,-124.1573,48.18,89,100,0.0,overcast clouds
79,Quatre Cocos,MU,-20.2078,57.7625,80.71,89,98,20.42,light rain
80,Airai,TL,-8.9266,125.4092,73.17,63,74,4.68,broken clouds
81,Portland,US,45.5234,-122.6762,46.98,91,20,1.01,few clouds
82,Linping,CN,30.4225,120.2972,42.75,66,90,5.73,overcast clouds
83,Cidreira,BR,-30.1811,-50.2056,75.7,89,84,22.15,broken clouds
84,Sitka,US,57.0531,-135.33,44.49,81,100,19.57,moderate rain
85,Sakakah,SA,29.9697,40.2064,49.57,50,0,11.1,clear sky
86,East London,ZA,-33.0153,27.9116,69.28,80,100,15.37,light rain
87,Mar Del Plata,AR,-38.0023,-57.5575,70.09,94,100,0.0,fog
88,Vila Velha,BR,-20.3297,-40.2925,76.95,94,75,1.01,broken clouds
89,Vila,PT,42.0304,-8.1588,42.33,86,100,3.04,overcast clouds
90,Flinders,AU,-34.5833,150.8552,74.48,58,85,16.26,overcast clouds
91,Labuan,MY,5.2767,115.2417,86.16,79,20,5.01,few clouds
92,Luderitz,NA,-26.6481,15.1594,68.16,70,1,15.68,clear sky
93,Port Elizabeth,ZA,-33.918,25.5701,67.1,77,0,14.97,clear sky
94,Fos-Sur-Mer,FR,43.4377,4.9446,48.76,100,100,3.44,overcast clouds
95,Anadyr,RU,64.75,177.4833,14.5,62,11,29.08,few clouds
96,Bichura,RU,50.5881,107.6022,3.52,92,69,2.62,broken clouds
97,Worcester,US,42.3334,-71.8328,43.32,98,100,0.69,light rain
98,Baijiantan,CN,45.6333,85.1833,3.76,89,78,3.4,broken clouds
99,Islampur,IN,26.2667,88.2,56.89,86,100,13.42,moderate rain
100,Preeceville,CA,51.95,-102.6677,-14.82,95,65,9.24,broken clouds
101,Klin,RU,56.3333,36.7333,19.71,97,100,2.06,snow
102,Jasper,US,37.2001,-94.3502,18.0,78,100,5.99,overcast clouds
103,Asau,RO,46.4333,26.4,20.32,90,24,6.04,few clouds
104,Farah,AF,32.5,62.5,41.41,37,21,4.07,few clouds
105,Alexandria,EG,31.2156,29.9553,48.74,81,40,10.36,scattered clouds
106,Lufilufi,WS,-13.8745,-171.5986,83.98,75,100,11.03,light rain
107,Tiksi,RU,71.6872,128.8694,-11.69,100,100,7.02,overcast clouds
108,Petropavlovsk-Kamchatskiy,RU,53.0452,158.6483,30.79,47,75,15.66,broken clouds
109,Sao Gabriel Da Cachoeira,BR,-0.1303,-67.0892,72.66,99,71,1.52,moderate rain
110,Kieta,PG,-6.2167,155.6333,80.06,82,100,6.89,overcast clouds
111,Cape Town,ZA,-33.9258,18.4232,62.28,73,0,5.01,clear sky
112,Jamestown,US,42.097,-79.2353,23.09,67,100,7.0,snow
113,Thompson,CA,55.7435,-97.8558,-21.84,76,0,5.75,clear sky
114,Gizo,SB,-8.103,156.8419,81.79,77,100,11.23,overcast clouds
115,Ilulissat,GL,69.2167,-51.1,19.42,58,100,16.11,overcast clouds
116,Hilo,US,19.7297,-155.09,76.73,78,100,9.22,overcast clouds
117,Tongren,CN,27.7172,109.1853,47.3,65,76,3.83,broken clouds
118,Wukari,NG,7.85,9.7833,69.96,17,23,6.44,few clouds
119,Krasnoselkup,RU,65.7,82.4667,8.06,96,98,7.63,overcast clouds
120,Kahului,US,20.8947,-156.47,79.86,64,20,18.41,few clouds
121,Saskylakh,RU,71.9167,114.0833,-15.02,97,100,1.81,overcast clouds
122,Tuktoyaktuk,CA,69.4541,-133.0374,-22.0,76,75,9.22,light snow
123,Camacha,PT,33.0833,-16.3333,62.53,94,20,8.05,few clouds
124,Petropavlovka,RU,50.6114,105.3196,5.59,86,99,2.53,overcast clouds
125,Gwanda,ZW,-20.9333,29.0,69.58,67,12,5.26,few clouds
126,Sistranda,NO,63.7256,8.834,36.9,93,100,23.13,snow
127,San Cristobal,VE,7.7669,-72.225,73.58,65,84,1.07,broken clouds
128,Balakliya,UA,49.4627,36.8595,31.03,93,100,6.42,overcast clouds
129,Pangnirtung,CA,66.1451,-65.7125,-13.88,99,100,4.03,light snow
130,Srednekolymsk,RU,67.45,153.6833,-28.77,99,43,1.74,scattered clouds
131,Coahuayana,MX,18.7333,-103.6833,67.69,79,12,2.8,few clouds
132,Alyangula,AU,-13.8483,136.4192,85.87,74,100,11.5,overcast clouds
133,Loukhi,RU,66.0764,33.0381,-2.92,100,99,0.63,overcast clouds
134,Ushirombo,TZ,-3.4919,31.9639,64.17,93,100,1.36,overcast clouds
135,Iranduba,BR,-3.2847,-60.1861,79.09,97,83,1.12,broken clouds
136,Bambous Virieux,MU,-20.3428,57.7575,80.85,94,75,24.16,light rain
137,Bronnoysund,NO,65.4625,12.1997,30.2,74,75,34.52,freezing rain
138,Kyshtovka,RU,56.555,76.6271,15.31,85,100,13.87,overcast clouds
139,Tilichiki,RU,60.4667,166.1,4.28,79,100,9.71,overcast clouds
140,Lebu,CL,-37.6167,-73.65,59.52,92,13,13.76,few clouds
141,Avera,US,33.194,-82.5271,69.85,76,100,14.72,overcast clouds
142,Bethel,US,41.3712,-73.414,48.47,92,100,6.91,mist
143,Vestmannaeyjar,IS,63.4427,-20.2734,27.77,68,27,34.09,scattered clouds
144,Parana,AR,-31.732,-60.5238,74.57,93,0,5.12,clear sky
145,Saint-Georges,GD,12.0564,-61.7485,76.68,78,20,3.44,few clouds
146,Chuy,UY,-33.6971,-53.4616,72.16,94,100,7.54,light rain
147,San Isidro,PE,-12.1167,-77.05,72.01,80,0,11.5,clear sky
148,Chokurdakh,RU,70.6333,147.9167,-27.18,100,67,0.94,broken clouds
149,San Andres,CO,12.5847,-81.7006,80.62,78,20,9.22,few clouds
150,Laguna,US,38.421,-121.4238,54.1,63,0,0.0,clear sky
151,Ziro,IN,27.6333,93.8333,36.34,79,76,3.44,broken clouds
152,Sanok,PL,49.5557,22.2056,32.85,100,100,12.53,overcast clouds
153,Crestview,US,30.7621,-86.5705,71.89,93,100,8.01,overcast clouds
154,Labuhan,ID,-6.8844,112.2051,83.82,72,86,5.3,overcast clouds
155,Khatanga,RU,71.9667,102.5,-32.01,100,90,4.41,overcast clouds
156,Cam Ranh,VN,11.9214,109.1591,80.56,65,40,16.11,scattered clouds
157,Port-Gentil,GA,-0.7193,8.7815,79.63,79,100,6.89,overcast clouds
158,Nantucket,US,41.2835,-70.0995,50.25,94,100,13.8,mist
159,Kiunga,PG,-6.1219,141.2906,94.1,44,18,3.49,few clouds
160,Tayu,ID,-6.5397,111.0518,86.18,65,83,1.23,broken clouds
161,Rosetta,EG,31.4044,30.4164,46.22,74,14,18.75,few clouds
162,Sarankhola,BD,22.3082,89.7897,75.2,55,1,8.25,clear sky
163,Kamenka,RU,51.3223,42.7678,27.75,99,100,6.62,overcast clouds
164,Mount Gambier,AU,-37.8333,140.7667,71.51,43,75,12.66,broken clouds
165,Iberia,US,29.9502,-91.7507,42.87,93,100,14.97,moderate rain
166,Bengkulu,ID,-3.8004,102.2655,79.25,80,98,2.98,overcast clouds
167,Lagoa,PT,39.05,-27.9833,57.67,75,100,12.33,overcast clouds
168,Mahebourg,MU,-20.4081,57.7,80.89,94,75,24.16,broken clouds
169,Yongzhou,CN,26.4559,111.5988,44.98,66,10,7.0,clear sky
170,Tessalit,ML,20.1986,1.0114,55.69,18,0,11.63,clear sky
171,Caravelas,BR,-17.7125,-39.2481,76.33,91,97,4.54,overcast clouds
172,Pemberton,CA,50.3164,-122.8027,31.86,97,96,3.04,overcast clouds
173,Askiz,RU,53.1319,90.5264,-1.61,97,52,2.17,broken clouds
174,Khani,GE,41.9563,42.9566,27.97,76,100,6.67,overcast clouds
175,Santander,ES,43.4647,-3.8044,52.47,62,75,5.01,broken clouds
176,Carballo,ES,43.213,-8.691,52.86,92,100,2.95,overcast clouds
177,Lompoc,US,34.6391,-120.4579,56.12,78,0,4.61,clear sky
178,Northam,GB,51.0333,-4.2167,51.42,92,100,25.17,overcast clouds
179,Hambantota,LK,6.1241,81.1185,75.54,100,20,2.3,few clouds
180,Iqaluit,CA,63.7506,-68.5145,-9.67,64,75,4.61,light snow
181,Opuwo,NA,-18.0607,13.84,62.98,58,4,2.77,clear sky
182,Ambilobe,MG,-13.2,49.05,75.36,93,97,6.93,light rain
183,Ilo,PE,-17.6394,-71.3375,69.76,80,100,5.19,overcast clouds
184,Constitucion,CL,-35.3333,-72.4167,58.37,92,47,9.19,scattered clouds
185,Nawalgarh,IN,27.85,75.2667,49.69,86,1,3.87,clear sky
186,Chapeltown,GB,53.4651,-1.4722,45.59,89,100,12.57,moderate rain
187,Ostrovnoy,RU,68.0531,39.5131,12.72,96,100,4.45,overcast clouds
188,Praia Da Vitoria,PT,38.7333,-27.0667,57.45,88,20,12.88,few clouds
189,Gualaquiza,EC,-3.4,-78.55,64.15,94,64,1.61,broken clouds
190,Dapaong,TG,10.8639,0.205,69.13,13,11,7.63,few clouds
191,Desaguadero,PE,-16.5656,-69.0417,43.97,85,71,11.25,light rain
192,Byron Bay,AU,-28.65,153.6167,78.75,84,84,22.3,light rain
193,Strezhevoy,RU,60.7333,77.5889,21.18,95,100,15.19,snow
194,Aklavik,CA,68.2191,-135.0107,-21.17,99,15,7.52,few clouds
195,Broome,US,42.2506,-75.833,34.02,84,100,3.0,mist
196,Brae,GB,60.3964,-1.353,37.31,53,100,32.77,overcast clouds
197,Turtas,RU,58.9417,69.1325,25.3,94,100,9.82,overcast clouds
198,Payo,ID,-3.7508,103.6372,80.47,84,79,2.82,broken clouds
199,Coromandel,BR,-18.4733,-47.2003,68.0,90,99,2.53,overcast clouds
200,Beboto,TD,8.2668,16.939,65.68,16,21,4.18,few clouds
201,Kedrovyy,RU,56.1667,91.8167,-3.59,94,100,5.03,overcast clouds
202,Fort Nelson,CA,58.8053,-122.7002,-11.61,77,100,3.44,light snow
203,Hasaki,JP,35.7333,140.8333,46.29,57,100,8.55,overcast clouds
204,Saint-Philippe,RE,-21.3585,55.7679,80.15,92,100,32.41,moderate rain
205,Kaohsiung,TW,22.6163,120.3133,71.55,78,40,1.99,scattered clouds
206,Havelock,US,34.8791,-76.9013,66.18,85,0,8.01,clear sky
207,Grand Gaube,MU,-20.0064,57.6608,81.0,84,100,11.99,overcast clouds
208,Dikson,RU,73.5069,80.5464,-7.19,94,100,5.55,overcast clouds
209,Salalah,OM,17.0151,54.0924,70.63,36,5,8.79,clear sky
210,Aguimes,ES,27.9054,-15.4461,63.23,48,0,8.05,clear sky
211,Katsuura,JP,35.1333,140.3,42.91,71,100,10.6,overcast clouds
212,Oussouye,SN,12.485,-16.5469,70.14,72,0,5.75,clear sky
213,Tepeapulco,MX,19.7833,-98.55,60.42,55,10,4.16,clear sky
214,Pisco,PE,-13.7,-76.2167,69.85,78,0,12.66,clear sky
215,Manacapuru,BR,-3.2997,-60.6206,77.58,91,82,2.62,broken clouds
216,Ewo,CG,-0.8725,14.8206,73.71,83,100,2.24,overcast clouds
217,Kungurtug,RU,50.5994,97.5228,-5.94,95,82,1.01,broken clouds
218,Cherskiy,RU,68.75,161.3,-28.86,99,16,3.36,few clouds
219,Chanika,TZ,-5.4167,38.0167,69.15,93,100,1.1,overcast clouds
220,Dwarka,IN,22.2394,68.9678,68.52,47,5,4.83,clear sky
221,Clyde River,CA,70.4692,-68.5914,-7.37,84,100,34.52,heavy snow
222,Karratha,AU,-20.7377,116.8463,93.4,41,75,11.88,broken clouds
223,Mileanca,RO,48.0833,26.7,33.55,81,77,1.95,broken clouds
224,Cabo San Lucas,MX,22.8909,-109.9124,67.51,58,38,5.68,scattered clouds
225,Kurilsk,RU,45.2333,147.8833,22.51,77,100,20.31,light snow
226,Prince Rupert,CA,54.3161,-130.3201,44.69,93,100,17.27,mist
227,Coquimbo,CL,-29.9533,-71.3436,64.13,82,40,5.75,scattered clouds
228,Flin Flon,CA,54.7682,-101.865,-18.33,97,31,5.57,scattered clouds
229,Kodiak,US,57.79,-152.4072,38.71,87,100,12.66,mist
230,Sinegorye,RU,62.0788,150.477,-11.81,97,73,2.08,broken clouds
231,Imbituba,BR,-28.24,-48.6703,78.69,93,11,15.1,few clouds
232,Ginda,IN,30.6945,78.4932,32.97,85,98,2.71,overcast clouds
233,Talara,PE,-4.5772,-81.2719,71.96,85,40,10.85,scattered clouds
234,Villazon,BO,-22.0866,-65.5942,48.51,89,63,10.74,broken clouds
235,Leningradskiy,RU,69.3833,178.4167,-9.36,82,2,7.96,clear sky
236,Sao Joao Da Barra,BR,-21.6403,-41.0511,73.47,97,98,5.75,overcast clouds
237,Obo,CF,5.3998,26.4869,72.32,31,100,4.79,overcast clouds
238,Batemans Bay,AU,-35.7167,150.1833,71.98,69,59,11.59,light rain
239,Nishihara,JP,26.1842,127.7558,61.88,94,100,8.05,overcast clouds
240,Hervey Bay,AU,-25.2986,152.8535,85.03,70,84,15.99,broken clouds
241,Isangel,VU,-19.55,169.2667,84.31,100,100,4.61,moderate rain
242,Hamilton,US,39.1834,-84.5333,25.12,91,100,3.0,snow
243,Nome,US,64.5011,-165.4064,6.87,52,0,32.21,clear sky
244,Hammerfest,NO,70.6634,23.6821,14.45,73,20,8.05,few clouds
245,Angoram,PG,-4.0625,144.0661,90.12,52,51,5.19,broken clouds
246,Aksarka,RU,66.5606,67.7975,-10.88,100,99,0.72,overcast clouds
247,Sile,TR,41.1754,29.6133,44.56,60,84,8.99,broken clouds
248,Khao Wong,TH,16.7001,104.0902,77.47,51,72,12.41,broken clouds
249,Cap Malheureux,MU,-19.9842,57.6142,81.09,84,100,11.99,overcast clouds
250,Havoysund,NO,70.9963,24.6622,14.88,77,55,20.24,broken clouds
251,Nara,JP,34.6851,135.8049,49.98,39,24,8.97,few clouds
252,Luwuk,ID,-0.9516,122.7875,87.57,59,100,2.59,overcast clouds
253,Vondrozo,MG,-22.8167,47.2833,68.38,97,83,4.83,light rain
254,Matagami,CA,49.7502,-77.6328,-25.49,68,0,3.44,clear sky
255,Yambio,SS,4.5721,28.3955,74.7,35,89,1.61,overcast clouds
256,Baoding,CN,38.8511,115.4903,29.57,24,0,4.81,clear sky
257,Lasa,IT,46.6166,10.7002,38.66,63,35,3.36,scattered clouds
258,Lewisporte,CA,49.2499,-55.0482,38.14,95,100,10.92,overcast clouds
259,Dalvik,IS,65.9702,-18.5286,22.93,95,100,8.28,snow
260,Te Anau,NZ,-45.4167,167.7167,48.34,97,100,3.22,moderate rain
261,Narsaq,GL,60.9167,-46.05,26.82,96,100,7.7,snow
262,Aasiaat,GL,68.7098,-52.8699,13.1,82,100,28.14,overcast clouds
263,Provideniya,RU,64.3833,-173.3,2.77,58,8,23.31,clear sky
264,Kimparana,ML,12.8347,-4.9244,69.46,15,2,7.4,clear sky
265,Saint-Joseph,RE,-21.3667,55.6167,79.16,87,100,27.18,moderate rain
266,Genoa,IT,44.4129,8.9573,55.11,91,40,1.99,scattered clouds
267,Adrar,MR,20.5022,-10.0711,60.08,21,0,9.93,clear sky
268,Acari,PE,-15.4311,-74.6158,73.62,73,35,3.76,scattered clouds
269,Marabba,SD,12.35,32.1833,72.97,16,38,15.57,scattered clouds
270,Saint Anthony,US,45.0205,-93.218,1.02,64,0,1.01,clear sky
271,Georgiyevka,KZ,43.0369,74.7114,21.24,93,6,4.47,mist
272,Vanimo,PG,-2.6741,141.3028,85.17,65,51,4.47,broken clouds
273,Stykkisholmur,IS,65.0757,-22.7297,25.65,66,100,13.09,overcast clouds
274,Waipawa,NZ,-41.4122,175.5153,72.93,42,95,6.67,overcast clouds
275,Costa Rica,BR,-23.4167,-54.65,71.53,97,100,6.22,moderate rain
276,Antalaha,MG,-14.9003,50.2788,75.7,85,100,5.7,light rain
277,Dudinka,RU,69.4058,86.1778,-22.09,100,62,3.85,broken clouds
278,Bobo Dioulasso,BF,11.1771,-4.2979,66.65,26,0,6.91,clear sky
279,Monte Azul,BR,-15.155,-42.8747,70.9,86,67,3.47,broken clouds
280,Maungaturoto,NZ,-36.1,174.3667,77.18,60,13,13.0,few clouds
281,Touros,BR,-5.1989,-35.4608,79.7,75,58,13.24,broken clouds
282,Torbay,CA,47.6666,-52.7314,38.57,87,100,16.11,light rain
283,San Patricio,US,28.017,-97.5169,35.58,76,94,17.65,overcast clouds
284,Hami,CN,42.8,93.45,24.12,33,14,1.77,few clouds
285,Farsund,NO,58.0948,6.8047,44.94,100,100,18.86,light rain
286,Boditi,ET,6.9667,37.8667,54.63,51,100,4.7,overcast clouds
287,Geraldton,AU,-28.7667,114.6,104.41,10,0,11.5,clear sky
288,Duvan,RU,55.695,57.9024,29.21,96,100,6.64,overcast clouds
289,Lahij,YE,13.1667,44.5833,67.48,73,3,1.23,clear sky
290,Port Moresby,PG,-9.4431,147.1797,90.82,58,20,11.5,few clouds
291,Santa Isabel Do Rio Negro,BR,-0.4139,-65.0192,73.72,96,99,1.63,overcast clouds
292,Mporokoso,ZM,-9.3727,30.125,61.23,99,100,4.76,light rain
293,Phangnga,TH,8.4509,98.5298,85.82,54,10,5.17,clear sky
294,Toamasina,MG,-18.1667,49.3833,77.0,83,75,13.8,broken clouds
295,Bereda,ES,43.2686,-7.5406,50.0,90,100,2.64,overcast clouds
296,Ensley,US,30.5188,-87.2728,71.8,96,100,1.01,mist
297,Riyadh,SA,24.6877,46.7219,60.94,37,19,4.59,few clouds
298,Kurumkan,RU,54.3,110.3,-7.06,97,100,1.07,overcast clouds
299,Mehamn,NO,71.0357,27.8492,18.57,83,84,12.57,broken clouds
300,Port Blair,IN,11.6667,92.75,78.84,78,40,10.36,mist
301,Zhigalovo,RU,54.8097,105.1578,6.42,94,100,2.57,overcast clouds
302,Ruda Nad Moravou,CZ,49.981,16.8778,38.53,99,98,3.13,overcast clouds
303,Kisangani,CD,0.5167,25.2,68.61,94,100,2.26,overcast clouds
304,Cascais,PT,38.6979,-9.4215,55.51,75,100,1.01,overcast clouds
305,Qixingtai,CN,30.4135,111.8874,45.48,48,0,1.81,clear sky
306,Yashkul,RU,46.1711,45.3435,35.65,89,99,6.04,overcast clouds
307,Heishan,CN,41.6892,122.1128,15.64,32,1,14.54,clear sky
308,Beruwala,LK,6.4788,79.9828,77.05,74,0,1.92,clear sky
309,Mbuyapey,PY,-26.2,-56.75,71.13,99,57,4.5,moderate rain
310,Ulaanbaatar,MN,47.9077,106.8832,-11.07,70,0,0.0,clear sky
311,Tiznit,MA,29.5833,-9.5,61.81,26,76,7.63,broken clouds
312,Naze,JP,28.3667,129.4833,54.52,74,100,16.96,overcast clouds
313,Normandin,CA,48.8333,-72.5321,-0.09,60,100,6.91,overcast clouds
314,Muros,ES,42.7762,-9.0603,53.24,94,100,5.44,overcast clouds
315,Noshiro,JP,40.2039,140.0242,31.14,68,100,19.39,light snow
316,Kargasok,RU,59.0556,80.8572,14.79,89,100,13.0,overcast clouds
317,Yellowknife,CA,62.456,-114.3525,-28.44,75,0,5.75,clear sky
318,Fairview,US,40.8126,-73.999,48.58,93,100,4.61,light rain
319,Sharjah,AE,25.3573,55.4033,64.38,70,0,2.3,clear sky
320,Rafaela,AR,-31.2503,-61.4867,76.05,74,0,1.01,clear sky
321,Kadaya,RU,50.9327,119.2911,-9.11,87,34,1.25,scattered clouds
322,Goderich,CA,43.7501,-81.7165,15.21,73,100,11.5,overcast clouds
323,Esperance,AU,-33.8667,121.9,80.44,46,2,9.04,clear sky
324,Mayo,US,38.8876,-76.5119,61.14,94,100,16.11,overcast clouds
325,Beian,NO,63.6559,9.5683,37.0,93,100,10.36,snow
326,Dawson Creek,CA,55.7666,-120.2362,-2.56,84,100,9.22,overcast clouds
327,Port Lincoln,AU,-34.7333,135.8667,67.89,57,32,14.76,scattered clouds
328,Baykit,RU,61.67,96.37,11.39,97,99,3.71,overcast clouds
329,Nevel,RU,56.0209,29.9284,0.52,100,100,1.66,overcast clouds
330,Hualmay,PE,-11.0964,-77.6139,70.56,82,83,8.48,broken clouds
331,Kuala Terengganu,MY,5.3302,103.1408,82.35,83,40,4.61,scattered clouds
332,Chebsara,RU,59.2002,38.8356,-3.06,100,100,2.62,overcast clouds
333,Kavaratti,IN,10.5669,72.642,79.2,65,3,8.57,clear sky
334,Mbini,GQ,1.574,9.6134,78.64,81,99,3.47,overcast clouds
335,Yeppoon,AU,-23.1333,150.7333,85.78,81,100,15.86,overcast clouds
336,Yanam,IN,16.7333,82.2167,75.6,66,16,4.09,few clouds
337,Paso De Carrasco,UY,-34.8603,-56.0522,73.54,88,100,5.75,overcast clouds
338,Santiago Del Estero,AR,-27.7951,-64.2615,79.43,66,30,4.7,scattered clouds
339,Yar-Sale,RU,66.8333,70.8333,-2.74,98,99,5.08,overcast clouds
340,Cabanas,CU,22.9758,-82.9219,68.56,88,0,4.74,clear sky
341,Rio Gallegos,AR,-51.6226,-69.2181,48.25,53,75,11.5,broken clouds
342,Klaksvik,FO,62.2266,-6.589,36.52,81,99,49.82,overcast clouds
343,Dunmore Town,BS,25.5,-76.65,74.46,63,67,18.5,broken clouds
344,Pacifica,US,37.6138,-122.4869,57.25,81,75,1.99,mist
345,Saldanha,ZA,-33.0117,17.9442,57.25,81,0,18.92,clear sky
346,Atar,MR,20.5169,-13.0499,65.68,16,0,6.91,clear sky
347,Kilindoni,TZ,-7.9139,39.6668,80.53,81,100,10.63,overcast clouds
348,Leh,IN,34.1667,77.5833,6.98,95,100,1.7,overcast clouds
349,Astoria,US,46.1879,-123.8313,46.15,94,75,1.01,broken clouds
350,Koumac,NC,-20.5667,164.2833,85.24,75,94,10.56,overcast clouds
351,Kiruna,SE,67.8557,20.2251,-1.28,92,100,2.3,overcast clouds
352,Ancud,CL,-41.8697,-73.8203,60.22,96,37,3.09,scattered clouds
353,Grand Falls,CA,47.0461,-67.7418,17.44,87,100,9.93,light snow
354,Alofi,NU,-19.0595,-169.9187,79.3,78,100,18.88,light rain
355,Adre,TD,13.4667,22.2,62.85,13,4,19.46,clear sky
356,Kuznechnoye,RU,61.12,29.8686,2.44,100,73,0.81,broken clouds
357,Dubbo,AU,-32.25,148.6167,78.93,31,2,14.97,clear sky
358,Canazas,PA,8.3167,-81.2167,71.94,84,71,4.41,broken clouds
359,Progreso,MX,21.2833,-89.6667,81.1,63,0,13.82,clear sky
360,Cartagena,CO,10.3997,-75.5144,80.22,83,20,11.5,few clouds
361,Makakilo City,US,21.3469,-158.0858,80.35,45,0,14.97,clear sky
362,Acarau,BR,-2.8856,-40.12,78.35,85,69,11.32,broken clouds
363,Ahipara,NZ,-35.1667,173.1667,77.23,69,66,14.2,broken clouds
364,Soavinandriana,MG,-19.1667,46.7333,58.53,85,86,2.53,overcast clouds
365,Duldurga,RU,50.6761,113.5931,3.2,76,11,5.41,few clouds
366,Lagdo,CM,9.05,13.7333,67.23,17,70,2.84,broken clouds
367,Lodja,CD,-3.4833,23.4333,67.32,93,100,1.28,overcast clouds
368,Sorland,NO,67.667,12.6934,24.78,84,100,28.36,snow
369,Nanortalik,GL,60.1432,-45.2371,26.46,95,100,12.82,snow
370,Chai Nat,TH,15.1167,100.1,88.05,58,64,6.02,broken clouds
371,Axim,GH,4.8699,-2.2405,78.08,84,1,5.1,light rain
372,Lubango,AO,-14.9172,13.4925,57.56,59,21,0.78,few clouds
373,Havre,FR,49.5833,0.3333,46.44,87,100,10.36,overcast clouds
374,Daru,PG,-9.0763,143.2092,89.17,58,100,8.14,overcast clouds
375,Namibe,AO,-15.1961,12.1522,70.68,78,3,5.75,clear sky
376,Waynesville,US,35.4887,-82.9887,56.86,91,100,13.0,moderate rain
377,Bay Roberts,CA,47.5999,-53.2648,39.33,82,100,8.99,light rain
378,Tongchuan,CN,35.0806,109.0897,32.34,38,33,8.57,scattered clouds
379,Eureka,US,40.8021,-124.1637,47.93,86,2,5.53,clear sky
380,Adur,IN,9.1667,76.7333,77.86,75,22,3.78,few clouds
381,Dunedin,NZ,-45.8742,170.5036,50.7,96,100,4.94,light rain
382,Juruti,BR,-2.1522,-56.0922,76.59,84,80,4.0,broken clouds
383,Havre-Saint-Pierre,CA,50.2334,-63.5986,10.99,61,75,13.8,broken clouds
384,Salinopolis,BR,-0.6136,-47.3561,79.09,82,100,10.69,overcast clouds
385,Mogadishu,SO,2.0371,45.3438,75.07,83,40,11.5,scattered clouds
386,Smithers,CA,54.7804,-127.1743,21.52,86,100,0.0,light snow
387,Shitkino,RU,56.3703,98.3543,6.48,94,100,3.94,overcast clouds
388,Bhadasar,IN,28.2833,74.3167,51.89,80,0,4.03,clear sky
389,Roma,US,43.2128,-75.4557,30.51,91,100,5.75,snow
390,Collie,AU,-33.3667,116.15,91.98,12,39,8.39,scattered clouds
391,Acapulco,MX,16.8634,-99.8901,74.95,71,0,4.97,clear sky
392,Socorro,US,31.6546,-106.3033,29.91,63,8,9.71,clear sky
393,Presidente Medici,BR,-11.1753,-61.9014,71.13,97,41,2.01,scattered clouds
394,Marsh Harbour,BS,26.5412,-77.0636,73.04,64,6,17.96,clear sky
395,Tarpon Springs,US,28.1461,-82.7568,70.95,82,0,5.01,clear sky
396,Mountain Home,US,43.133,-115.6912,26.94,100,0,10.36,clear sky
397,Kloulklubed,PW,7.0419,134.2556,86.5,74,28,20.4,scattered clouds
398,Grajau,BR,-5.8194,-46.1386,75.02,88,100,0.94,overcast clouds
399,Malpe,IN,13.35,74.7167,72.7,79,98,3.38,overcast clouds
400,San Francisco De Macoris,DO,19.2952,-70.2554,70.48,95,49,2.44,scattered clouds
401,Balvanesti,RO,44.7975,22.6803,27.32,71,100,1.77,overcast clouds
402,Arlit,NE,18.7369,7.3853,54.3,20,4,6.8,clear sky
403,Ternovskaya,RU,45.8542,40.4086,38.1,97,100,9.46,moderate rain
404,Altamira,BR,-3.2033,-52.2064,72.03,98,58,2.89,moderate rain
405,Colwyn Bay,GB,53.2948,-3.7267,42.76,94,100,10.0,moderate rain
406,Oranjestad,AW,12.524,-70.027,80.55,74,20,17.27,few clouds
407,Klaebu,NO,63.2976,10.4826,35.83,68,100,3.13,overcast clouds
408,Batticaloa,LK,7.7102,81.6924,76.6,76,4,1.21,clear sky
409,Laguna De Perlas,NI,12.3429,-83.6712,76.17,87,1,7.78,clear sky
410,Sumbe,AO,-11.2061,13.8437,73.63,82,94,4.76,overcast clouds
411,Mizdah,LY,31.4451,12.9801,42.71,88,0,3.11,clear sky
412,Shimoda,JP,34.6667,138.95,46.76,64,100,1.74,overcast clouds
413,Grindavik,IS,63.8424,-22.4338,27.07,68,40,24.16,scattered clouds
414,Lata,PT,40.1629,-8.3327,48.07,96,99,0.54,overcast clouds
415,Souillac,MU,-20.5167,57.5167,80.98,94,75,24.16,light rain
416,Orange,US,33.7,-117.7675,62.56,52,40,4.61,scattered clouds
417,Fairbanks,US,64.8378,-147.7164,1.6,53,0,8.05,clear sky
418,Sobolevo,RU,54.4299,31.8996,5.0,100,93,6.51,overcast clouds
419,Podhum,BA,43.7231,17.0011,34.36,79,100,4.09,overcast clouds
420,Sur,OM,22.5667,59.5289,67.5,48,0,2.93,clear sky
421,Erdaojiang,CN,41.7764,126.0319,8.15,72,59,7.65,broken clouds
422,Vardo,NO,70.3705,31.1107,26.58,62,100,13.06,light snow
423,Bambanglipuro,ID,-7.95,110.2833,76.6,68,97,1.68,overcast clouds
424,Kununurra,AU,-15.7667,128.7333,87.78,66,75,6.91,broken clouds
425,Viedma,AR,-40.8135,-62.9967,69.78,49,9,7.63,clear sky
426,Khash,IR,28.2211,61.2158,44.35,26,0,1.72,clear sky
427,Jacareacanga,BR,-6.2222,-57.7528,75.0,88,100,0.6,overcast clouds
428,Arsikere,IN,13.3139,76.2561,67.51,56,56,5.32,broken clouds
429,College,US,64.8569,-147.8028,1.58,54,0,8.05,clear sky
430,Paungde,MM,18.4833,95.5,75.78,32,2,12.28,clear sky
431,Camopi,GF,3.1655,-52.3158,71.92,99,100,1.9,light rain
432,Broken Hill,AU,-31.95,141.4333,71.31,33,0,19.57,clear sky
433,Sale,MA,34.0389,-6.8166,57.74,100,75,3.44,broken clouds
434,Betsiamites,CA,48.9413,-68.646,12.09,73,100,10.49,overcast clouds
435,Ndele,CF,8.4109,20.6473,68.32,21,36,5.41,scattered clouds
436,Houma,US,29.5958,-90.7195,46.99,99,100,12.86,light rain
437,Alice Springs,AU,-23.7,133.8833,74.75,35,98,13.8,overcast clouds
438,San Jose,US,37.3394,-121.895,57.4,47,75,0.0,broken clouds
439,Kushmurun,KZ,52.4503,64.6311,12.51,85,100,12.84,overcast clouds
440,Marzuq,YE,14.4,46.4667,57.87,30,5,3.06,clear sky
441,Yumen,CN,40.2833,97.2,17.44,30,86,12.44,overcast clouds
442,Macas,EC,-2.3167,-78.1167,69.01,94,98,1.16,light rain
443,Nalgonda,IN,17.05,79.2667,72.3,69,48,5.35,scattered clouds
444,Aswan,EG,24.0934,32.907,51.1,43,0,3.44,clear sky
445,Oktyabrskiy,RU,54.4815,53.471,30.88,97,100,11.97,light snow
446,Princeton,US,25.5384,-80.4089,75.02,87,1,4.0,clear sky
447,Assiniboia,CA,49.6334,-105.9845,-9.58,77,100,13.8,overcast clouds
448,Palmer,US,42.1584,-72.3287,45.91,88,100,3.44,mist
449,Ilukste,LV,55.9775,26.2966,15.98,98,83,3.62,broken clouds
450,Basco,PH,20.4487,121.9702,75.6,75,78,18.23,broken clouds
451,Lavrentiya,RU,65.5833,-171.0,1.08,56,0,22.12,clear sky
452,Maholi,IN,27.6667,80.4667,56.39,87,7,12.5,clear sky
453,Araouane,ML,18.9048,-3.5265,62.82,13,0,10.36,clear sky
454,Zhigansk,RU,66.7697,123.3711,-28.12,98,92,2.89,overcast clouds
455,Sabha,LY,27.0377,14.4283,46.51,66,0,9.33,clear sky
456,Kapit,MY,2.0167,112.9333,81.28,87,100,0.51,overcast clouds
457,Paamiut,GL,61.994,-49.6678,23.99,81,100,39.71,snow
458,Ussel,FR,45.55,2.3167,38.08,98,100,2.71,overcast clouds
459,Passos,BR,-20.7189,-46.6097,67.23,92,97,1.66,overcast clouds
460,Ketchikan,US,55.3422,-131.6461,46.38,99,100,8.05,moderate rain
461,Coihaique,CL,-45.5752,-72.0662,58.95,72,75,4.61,broken clouds
462,Gidole,ET,5.65,37.3667,58.84,46,96,3.85,overcast clouds
463,Novyy Buh,UA,47.6931,32.5216,23.4,84,57,12.1,broken clouds
464,Dalbandin,PK,28.8947,64.4101,45.46,32,0,4.7,clear sky
465,San Luis,AR,-33.295,-66.3356,64.56,80,70,16.89,broken clouds
466,Malakal,SS,9.5334,31.6605,74.41,24,24,5.37,few clouds
467,Lujiang,CN,31.2581,117.2817,37.45,67,81,3.13,broken clouds
468,Dzhalil,RU,55.0239,52.7358,28.65,98,100,7.99,snow
469,Alibag,IN,18.6411,72.8792,71.67,55,25,5.73,scattered clouds
470,Zhoucheng,CN,35.9122,116.3117,44.02,33,24,13.02,few clouds
471,Dingle,PH,10.9995,122.6711,80.76,79,81,16.53,broken clouds
472,Waddan,LY,29.1614,16.139,46.42,81,0,5.55,clear sky
473,Haines Junction,CA,60.7522,-137.5108,-0.15,99,100,3.62,light snow
474,Santa Cruz,BO,-17.8,-63.1667,76.46,88,40,8.05,scattered clouds
475,Belmonte,BR,-15.8631,-38.8828,79.3,81,93,5.28,overcast clouds
476,Saint-Denis,FR,48.9167,2.3333,46.76,91,100,4.0,overcast clouds
477,Nikel,RU,69.4128,30.222,-0.22,98,100,4.16,overcast clouds
478,Bairiki,KI,1.3292,172.9752,86.0,74,40,13.8,light rain
479,Moses Lake,US,47.1301,-119.2781,30.29,93,89,4.03,overcast clouds
480,Roald,NO,62.5833,6.1333,39.9,87,100,16.11,light rain
481,Sisimiut,GL,66.9395,-53.6735,10.69,76,85,30.44,overcast clouds
482,Cortez,US,37.3489,-108.5859,18.7,44,7,7.61,clear sky
483,Porto Velho,BR,-8.7619,-63.9039,77.05,94,0,2.3,clear sky
484,Matamoros,MX,25.5333,-103.25,57.45,40,7,1.52,clear sky
485,Jalu,LY,29.0331,21.5482,49.5,62,6,11.99,clear sky
486,Baglan,AF,36.1307,68.7083,38.82,38,0,3.96,clear sky
487,Cayenne,GF,4.9333,-52.3333,79.09,89,40,4.0,scattered clouds
488,Dubna,RU,56.7333,37.1667,17.92,97,100,1.92,light snow
489,Pochutla,MX,15.7432,-96.4661,70.11,74,0,3.56,clear sky
490,Slave Lake,CA,55.2834,-114.769,-4.02,65,20,8.05,few clouds
491,Kirakira,SB,-10.4544,161.9205,81.3,82,100,11.05,overcast clouds
492,Matara,LK,5.9485,80.5353,78.44,72,5,4.18,clear sky
493,Kamaishi,JP,39.2667,141.8833,34.75,50,98,13.78,overcast clouds
494,George,ZA,-33.963,22.4617,60.35,94,100,5.75,light rain
495,Atasu,KZ,48.6814,71.6433,0.01,82,0,5.55,clear sky
496,Aksu,CN,41.1231,80.2644,26.89,49,100,3.56,overcast clouds
497,Serov,RU,59.6033,60.5787,14.81,90,100,4.16,overcast clouds
498,Bilibino,RU,68.0546,166.4372,-4.25,69,0,3.67,clear sky
499,Margate,GB,51.3813,1.3862,48.88,84,100,20.8,overcast clouds
500,Umm Kaddadah,SD,13.6017,26.6876,64.92,18,2,20.71,clear sky
501,Prince George,CA,53.9166,-122.753,27.28,93,100,3.44,overcast clouds
502,Champerico,GT,14.3,-91.9167,80.35,69,15,6.62,few clouds
503,Morondava,MG,-20.2833,44.2833,78.42,87,34,4.47,scattered clouds
504,Shache,CN,38.4167,77.2406,27.1,42,95,3.6,overcast clouds
505,Monmouth,US,40.3001,-74.1663,52.16,93,100,16.24,moderate rain
506,Qena,EG,26.1615,32.7183,48.31,48,1,5.17,clear sky
507,Half Moon Bay,US,37.4636,-122.4286,57.45,73,40,10.36,mist
508,Necochea,AR,-38.5473,-58.7368,66.04,94,100,7.05,overcast clouds
509,Acucena,BR,-19.0731,-42.5464,68.52,97,100,2.71,overcast clouds
510,Comodoro Rivadavia,AR,-45.8667,-67.5,60.66,88,40,0.0,scattered clouds
511,Riberalta,BO,-10.9833,-66.1,73.08,97,99,2.8,overcast clouds
512,Cesvaine,LV,56.9667,26.3167,14.88,100,94,3.36,overcast clouds
513,Dragasani,RO,44.65,24.2667,26.19,64,54,4.18,broken clouds
514,Priargunsk,RU,50.3691,119.1012,-9.54,86,20,2.66,few clouds
515,Roebourne,AU,-20.7833,117.1333,92.79,42,74,12.24,broken clouds
516,Victoria,HK,22.2855,114.1577,60.24,77,67,1.99,broken clouds
517,Chute-Aux-Outardes,CA,49.1168,-68.399,10.71,61,75,8.05,broken clouds
518,Mahajanga,MG,-15.7167,46.3167,78.82,89,40,5.75,scattered clouds
519,Porto Novo,BJ,6.4965,2.6036,82.22,87,0,4.68,clear sky
520,Aksaray,TR,38.3726,34.0254,31.59,99,100,2.51,snow
521,Sandwick,GB,60.0,-1.25,37.22,81,75,27.63,broken clouds
522,San Bartolome De Tirajana,ES,27.9248,-15.5733,55.87,48,0,8.05,clear sky
523,Chara,RU,56.9064,118.2631,-14.35,93,68,1.3,broken clouds
524,Pacific Grove,US,36.6177,-121.9166,56.75,83,99,1.99,overcast clouds
525,Deputatskiy,RU,69.3,139.9,-23.64,98,43,1.34,scattered clouds
526,Dilla,ET,6.41,38.31,59.72,55,82,3.56,broken clouds
527,Narwar,IN,25.65,77.9,55.99,55,0,7.54,clear sky
528,Faanui,PF,-16.4833,-151.75,81.28,70,1,15.12,clear sky
529,Saint-Augustin,CA,51.226,-58.6502,7.79,74,100,15.23,overcast clouds
530,Nuuk,GL,64.1835,-51.7216,10.92,95,100,7.58,light snow
531,Sao Filipe,CV,14.8961,-24.4956,72.52,77,0,8.75,clear sky
532,Torres,BR,-29.3353,-49.7269,77.83,95,19,10.29,few clouds
533,Ormara,PK,25.2088,64.6357,67.26,26,0,11.59,clear sky
534,Okhotsk,RU,59.3833,143.3,9.66,74,87,15.5,overcast clouds
535,Muzhi,RU,65.3667,64.6667,-1.8,98,100,3.11,overcast clouds
536,Manzhouli,CN,49.6,117.4333,-5.48,82,9,7.72,clear sky
537,Aktau,KZ,43.65,51.2,36.18,73,100,10.96,overcast clouds
538,Naco,MX,31.3347,-109.9483,37.8,27,0,7.25,clear sky
539,Pangkalanbuun,ID,-2.6833,111.6167,87.37,61,89,3.24,overcast clouds
540,Qasigiannguit,GL,68.8193,-51.1922,11.88,95,100,8.25,light snow
541,Nizhniy Baskunchak,RU,48.2198,46.8311,28.94,92,100,6.89,overcast clouds
542,Brokopondo,SR,4.75,-55.1667,74.32,92,97,7.65,heavy intensity rain
543,Manicore,BR,-5.8092,-61.3003,72.34,99,98,0.89,overcast clouds
544,Jiwani,PK,25.05,61.7417,69.01,44,0,6.04,clear sky
545,Santa Rosa,PH,14.3122,121.1114,87.12,62,87,13.2,overcast clouds
546,Aripuana,BR,-9.1667,-60.6333,72.36,99,97,0.38,overcast clouds
547,Sao Felix Do Xingu,BR,-6.6447,-51.995,70.74,94,3,1.21,clear sky
548,Grao Mogol,BR,-16.5594,-42.8897,65.89,95,98,0.43,overcast clouds
549,Faya,SA,18.3851,42.4509,53.71,55,7,2.91,clear sky
550,Thinadhoo,MV,0.5333,72.9333,81.95,70,75,8.46,broken clouds
551,Paraiso,CR,9.8383,-83.8656,66.88,77,76,3.27,broken clouds
552,Itaueira,BR,-7.6033,-43.0256,80.1,51,99,0.87,overcast clouds
553,Tondano,ID,1.3038,124.9112,73.49,75,100,3.42,overcast clouds
554,Shitanjing,CN,39.2342,106.3439,16.11,32,0,1.12,clear sky
555,Klyuchi,RU,52.2667,79.1667,0.0,97,15,8.1,few clouds
556,Larsnes,NO,62.2028,5.5773,39.6,91,100,20.07,light rain
557,Rudbar,AF,30.15,62.6,47.41,33,0,2.08,clear sky
558,Ouegoa,NC,-20.35,164.4333,84.6,79,98,9.62,light rain
559,Morehead,US,37.2711,-87.1764,27.99,96,100,3.0,overcast clouds
560,Yarkovo,RU,57.4028,67.0786,27.73,94,100,10.92,overcast clouds
561,Cabedelo,BR,-6.9811,-34.8339,80.42,75,99,12.73,overcast clouds
562,Nhulunbuy,AU,-12.2333,136.7667,88.41,70,75,10.36,light rain
563,Ust-Koksa,RU,50.2696,85.6108,-4.4,91,69,0.78,broken clouds
564,Rio Pardo De Minas,BR,-15.6097,-42.5397,68.31,92,86,1.81,overcast clouds
565,Laukaa,RU,58.7372,29.8453,-0.18,100,100,1.79,overcast clouds
566,Sabang,ID,5.8933,95.3214,82.74,71,86,15.55,overcast clouds
567,Catalina,US,32.5056,-110.9211,45.52,22,0,1.01,clear sky
568,San Vicente,AR,-26.6167,-54.1333,68.76,100,100,2.35,light rain
569,Walvis Bay,NA,-22.9575,14.5053,66.09,80,4,9.28,clear sky
570,Tuatapere,NZ,-46.1333,167.6833,52.83,92,100,4.68,heavy intensity rain
571,Wageningen,NL,51.9667,5.6667,46.92,93,75,10.36,mist
572,Mmabatho,ZA,-25.85,25.6333,64.0,88,80,8.43,broken clouds
573,Corinto,GR,37.9407,22.9573,45.54,64,15,3.69,few clouds
574,Galle,LK,6.0367,80.217,77.36,75,1,3.2,clear sky
575,Fenoarivo,MG,-18.933,47.4354,66.27,77,75,8.05,broken clouds
576,Pundaguitan,PH,6.3711,126.1689,76.95,88,100,12.39,moderate rain
577,Marawi,PH,7.9986,124.2928,71.65,86,100,2.17,moderate rain
578,Ostrozac,BA,44.9086,15.9403,36.36,76,100,5.1,overcast clouds
579,Ixtapa,MX,20.7,-105.2,65.07,81,73,2.19,broken clouds
580,Ambon,ID,-3.6954,128.1814,87.94,66,40,2.3,scattered clouds
581,Ugoofaaru,MV,5.6667,73.0,80.76,74,52,8.95,broken clouds
582,Umm Bab,QA,25.2142,50.8072,62.82,56,3,6.76,clear sky
583,Santa Cruz De La Palma,ES,28.6835,-17.7642,65.14,77,0,4.61,clear sky
584,Mkokotoni,TZ,-5.8767,39.2547,78.69,86,100,10.13,overcast clouds
585,Amherst,US,41.3978,-82.2224,23.0,90,100,8.01,mist
586,Zhicheng,CN,30.2956,111.5047,45.88,48,0,2.95,clear sky
587,Bam,IR,29.106,58.357,48.06,26,0,1.63,clear sky
588,Latung,PH,5.5,120.8833,81.63,66,81,2.66,broken clouds
589,Turukhansk,RU,65.8167,87.9833,5.63,95,99,12.01,light snow
590,Florianopolis,BR,-27.6146,-48.5012,75.7,85,31,4.0,scattered clouds
591,Umm Lajj,SA,25.0213,37.2685,67.5,48,0,18.45,clear sky
592,Hofn,IS,64.2539,-15.2082,28.96,57,100,20.58,overcast clouds
593,Yatou,CN,37.15,122.3833,31.51,46,60,12.3,broken clouds
594,Hohhot,CN,40.8106,111.6522,12.43,51,28,4.7,scattered clouds
595,Gravdal,NO,68.1214,13.5031,25.68,66,100,33.24,light snow
596,Salekhard,RU,66.53,66.6019,-9.83,99,100,2.1,overcast clouds
597,Nanzhou,CN,29.3596,112.4024,44.94,64,4,4.23,clear sky
598,Grivenskaya,RU,45.6473,38.176,37.06,92,100,9.62,light rain
599,Dakar,SN,14.6937,-17.4441,70.68,67,0,7.34,clear sky
600,Khasan,RU,42.4308,130.6434,18.45,46,1,21.41,clear sky
601,Kizukuri,JP,40.8061,140.3861,29.25,66,100,18.68,light snow
602,Dangriga,BZ,16.9692,-88.2321,77.99,84,2,9.22,clear sky
603,Longkou,CN,37.6508,120.3286,30.67,47,34,18.92,scattered clouds
604,Tavrichanka,RU,43.3378,131.8639,13.86,49,17,12.39,few clouds
605,Plettenberg Bay,ZA,-34.0527,23.3716,63.48,81,100,5.48,light rain
606,Kidal,ML,18.4411,1.4078,57.07,17,0,14.54,clear sky
607,Padang,ID,-0.9492,100.3543,80.65,70,92,2.55,overcast clouds
608,Maarianhamina,AX,60.0973,19.9348,33.66,86,100,18.41,overcast clouds
609,Barguzin,RU,53.6167,109.6167,-1.59,96,100,0.69,overcast clouds
610,Ocos,GT,14.5094,-92.1933,80.31,70,26,7.38,scattered clouds
611,Douglas,US,41.3,-96.167,12.38,50,0,3.44,clear sky
612,Nelson Bay,AU,-32.7167,152.15,76.95,79,12,4.0,light rain
613,Seydi,TM,39.4816,62.9137,41.32,53,63,11.39,broken clouds
614,Szentgotthard,HU,46.9526,16.2736,39.24,90,72,4.03,broken clouds
615,Puerto Escondido,MX,15.85,-97.0667,75.6,71,0,2.77,clear sky
616,Cochrane,CA,51.1834,-114.4687,8.2,70,100,8.84,overcast clouds
617,Kupang,ID,-10.1667,123.5833,81.5,81,83,11.77,broken clouds
618,La Seyne-Sur-Mer,FR,43.0982,5.8847,46.87,83,100,3.56,overcast clouds
619,Galesong,ID,-5.3166,119.3661,84.22,72,83,9.71,broken clouds
620,Henties Bay,NA,-22.116,14.2845,65.86,88,6,5.91,clear sky
621,Saint-Francois,FR,46.4154,3.9054,40.44,88,100,2.3,overcast clouds
622,Bandarbeyla,SO,9.4942,50.8122,72.19,71,5,12.21,clear sky
623,Pendleton,US,45.6721,-118.7886,41.41,77,21,1.99,few clouds
624,North Bend,US,43.4065,-124.2243,45.95,99,5,6.49,clear sky
625,Tingi,TZ,-11.3,35.0333,63.7,90,100,1.36,overcast clouds
626,Oranjemund,NA,-28.55,16.4333,63.43,82,3,21.85,clear sky
627,Marand,IR,38.4329,45.7749,32.34,82,19,3.85,few clouds
628,Salvador,SV,13.8333,-88.9167,71.06,85,2,1.72,clear sky
629,Ojinaga,MX,29.5667,-104.4167,34.57,59,0,0.0,clear sky
630,Tazovskiy,RU,67.4667,78.7,0.48,97,99,6.71,overcast clouds
631,Champasak,LA,14.75,106.0,84.43,54,36,1.03,scattered clouds
632,Emba,KZ,48.8264,58.1442,19.72,81,99,11.92,overcast clouds
633,Bosaso,SO,11.2842,49.1816,70.14,76,5,2.91,clear sky
634,Nenjiang,CN,49.1833,125.2167,1.08,75,14,6.33,few clouds
635,Monaghan,IE,54.25,-6.9667,38.39,92,89,8.05,overcast clouds
636,Griffith,US,41.5284,-87.4237,24.89,71,100,3.0,overcast clouds
637,Talnakh,RU,69.4865,88.3972,-13.94,99,80,7.09,broken clouds
638,Okha,RU,53.5739,142.9478,4.73,91,100,22.3,overcast clouds
639,Tekeli,KZ,44.83,78.8239,15.85,70,43,8.97,scattered clouds
640,Omsukchan,RU,62.5333,155.8,-5.85,75,16,9.8,few clouds
641,Ligatne,LV,57.2343,25.0406,20.25,94,81,1.99,broken clouds
642,Mackenzie,CA,55.2999,-123.1698,15.31,97,100,2.84,light snow
643,Sapele,NG,5.8941,5.6767,75.88,87,40,1.57,scattered clouds
644,Bowen,AU,-20.0167,148.2333,82.89,76,100,5.95,overcast clouds
645,Villa Del Rosario,CO,7.8339,-72.4742,79.18,69,40,2.3,scattered clouds
646,Wilmington,US,34.2257,-77.9447,64.94,86,100,13.29,overcast clouds
647,Mikropolis,GR,41.1935,23.8157,37.92,82,12,4.47,few clouds
648,Makokou,GA,0.5738,12.8642,70.07,94,100,3.2,overcast clouds
649,Takab,IR,36.4009,47.1133,23.83,76,36,1.99,scattered clouds
650,Nuoro,IT,40.3211,9.3297,34.86,63,100,5.46,overcast clouds
651,Jinhua,CN,29.1078,119.6547,38.84,98,100,1.21,overcast clouds
652,La Asuncion,VE,11.0333,-63.8628,76.66,80,1,14.58,clear sky
653,Jiuquan,CN,39.7432,98.5174,18.09,34,68,3.51,broken clouds
654,Chapais,CA,49.7834,-74.8492,-25.22,100,41,2.1,scattered clouds
655,San Quintin,MX,30.4833,-115.95,56.7,64,0,3.49,clear sky
656,Tooele,US,40.5308,-112.2983,24.15,86,0,4.61,clear sky
657,Kenai,US,60.5544,-151.2583,25.14,93,100,23.02,light snow
658,Kruisfontein,ZA,-34.0033,24.7314,63.88,75,74,9.53,broken clouds
659,Sao Miguel Do Araguaia,BR,-13.275,-50.1628,73.06,90,2,1.57,clear sky
660,Mount Isa,AU,-20.7333,139.5,83.97,32,100,11.5,overcast clouds
661,Fort Smith,US,35.3859,-94.3986,23.88,83,100,1.99,overcast clouds
662,Arys,KZ,42.4252,68.795,30.42,65,0,8.01,clear sky
663,Xining,CN,36.6167,101.7667,15.82,48,100,0.89,overcast clouds
664,Kuah,MY,6.3265,99.8432,81.99,70,9,14.47,clear sky
665,Storsteinnes,NO,69.2408,19.2344,19.4,84,100,11.77,overcast clouds
666,Chornobay,UA,49.6708,32.3239,17.44,94,82,10.45,broken clouds
667,Moose Factory,CA,51.2585,-80.6094,-23.17,100,11,4.29,few clouds
668,Batagay-Alyta,RU,67.8006,130.4114,-16.46,97,99,3.04,overcast clouds
669,Southampton,GB,50.904,-1.4043,51.01,91,68,7.0,broken clouds
670,Rawson,AR,-43.3002,-65.1023,68.09,61,100,8.01,light rain
671,Mantua,IT,45.1667,10.7833,47.28,88,76,3.58,broken clouds
672,Verrettes,HT,19.05,-72.4667,74.79,89,1,4.43,clear sky
673,Les Escoumins,CA,48.1111,-69.0236,1.29,81,100,9.78,overcast clouds
674,Kamogata,JP,34.5333,133.5833,46.67,40,50,10.27,scattered clouds
675,Stornoway,GB,58.2093,-6.3865,36.03,79,75,5.01,broken clouds
676,Sar-E Pul,AF,35.8333,66.1667,30.85,31,32,10.27,scattered clouds
677,Baturaja,ID,-4.1333,104.1667,82.51,77,84,3.06,broken clouds
678,Piacabucu,BR,-10.4056,-36.4344,78.31,75,80,8.95,broken clouds
679,Hoghilag,RO,46.2333,24.6167,22.78,97,90,2.21,overcast clouds
680,Yagodnoye,RU,62.55,149.6667,-11.85,94,60,4.36,broken clouds
681,Artvin,TR,41.1667,41.8333,42.08,87,100,3.51,overcast clouds
682,Boda,CF,4.3189,17.4695,71.64,26,47,3.65,scattered clouds
